Country / Territory,ISO3,Year,Disaster Internal Displacements,continent,name
Afghanistan,AFG,2008,180,Asia,Afghanistan
Afghanistan,AFG,2009,25000,Asia,Afghanistan
Afghanistan,AFG,2010,70000,Asia,Afghanistan
Afghanistan,AFG,2011,3000,Asia,Afghanistan
Afghanistan,AFG,2012,24940,Asia,Afghanistan
Afghanistan,AFG,2013,15210,Asia,Afghanistan
Afghanistan,AFG,2014,13180,Asia,Afghanistan
Afghanistan,AFG,2015,16380,Asia,Afghanistan
Afghanistan,AFG,2016,5060,Asia,Afghanistan
Afghanistan,AFG,2017,26849,Asia,Afghanistan
Afghanistan,AFG,2018,426400,Asia,Afghanistan
Afghanistan,AFG,2019,116291,Asia,Afghanistan
Afghanistan,AFG,2020,45832,Asia,Afghanistan
Afghanistan,AFG,2021,24879,Asia,Afghanistan
Albania,ALB,2013,452,Europe,Albania
Albania,ALB,2014,24,Europe,Albania
Albania,ALB,2015,4200,Europe,Albania
Albania,ALB,2016,3129,Europe,Albania
Albania,ALB,2017,3500,Europe,Albania
Albania,ALB,2018,108,Europe,Albania
Albania,ALB,2021,250,Europe,Albania
Algeria,DZA,2008,25000,Africa,Algeria
Algeria,DZA,2009,2500,Africa,Algeria
Algeria,DZA,2013,340,Africa,Algeria
Algeria,DZA,2015,19300,Africa,Algeria
Algeria,DZA,2016,2000,Africa,Algeria
Algeria,DZA,2018,19,Africa,Algeria
Algeria,DZA,2019,3202,Africa,Algeria
Algeria,DZA,2020,46,Africa,Algeria
Algeria,DZA,2021,6649,Africa,Algeria
Angola,AGO,2009,86120,Africa,Angola
Angola,AGO,2010,78900,Africa,Angola
Angola,AGO,2011,227500,Africa,Angola
Angola,AGO,2012,6380,Africa,Angola
Angola,AGO,2013,2500,Africa,Angola
Angola,AGO,2015,5580,Africa,Angola
Angola,AGO,2016,19000,Africa,Angola
Angola,AGO,2017,14014,Africa,Angola
Angola,AGO,2018,11158,Africa,Angola
Angola,AGO,2019,6684,Africa,Angola
Angola,AGO,2020,14672,Africa,Angola
Angola,AGO,2021,21285,Africa,Angola
Argentina,ARG,2008,640,South America,Argentina
Argentina,ARG,2012,2000,South America,Argentina
Argentina,ARG,2013,6300,South America,Argentina
Argentina,ARG,2014,32100,South America,Argentina
Argentina,ARG,2015,36020,South America,Argentina
Argentina,ARG,2016,12540,South America,Argentina
Argentina,ARG,2017,26458,South America,Argentina
Argentina,ARG,2018,15772,South America,Argentina
Argentina,ARG,2019,22618,South America,Argentina
Argentina,ARG,2020,3659,South America,Argentina
Argentina,ARG,2021,707,South America,Argentina
Australia,AUS,2008,1000,Oceania,Australia
Australia,AUS,2009,7500,Oceania,Australia
Australia,AUS,2010,1000,Oceania,Australia
Australia,AUS,2011,10000,Oceania,Australia
Australia,AUS,2012,16000,Oceania,Australia
Australia,AUS,2013,12732,Oceania,Australia
Australia,AUS,2014,1171,Oceania,Australia
Australia,AUS,2015,5711,Oceania,Australia
Australia,AUS,2016,3238,Oceania,Australia
Australia,AUS,2017,30939,Oceania,Australia
Australia,AUS,2018,11258,Oceania,Australia
Australia,AUS,2019,24854,Oceania,Australia
Australia,AUS,2020,51893,Oceania,Australia
Australia,AUS,2021,48938,Oceania,Australia
Austria,AUT,2013,1000,Europe,Austria
Austria,AUT,2016,251,Europe,Austria
Austria,AUT,2019,273,Europe,Austria
Austria,AUT,2021,56,Europe,Austria
Azerbaijan,AZE,2009,200,Asia,Azerbaijan
Azerbaijan,AZE,2010,32000,Asia,Azerbaijan
Azerbaijan,AZE,2018,390,Asia,Azerbaijan
Bahamas,BHS,2008,500,North America,Bahamas
Bahamas,BHS,2015,2800,North America,Bahamas
Bahamas,BHS,2016,3500,North America,Bahamas
Bahamas,BHS,2017,1600,North America,Bahamas
Bahamas,BHS,2018,230,North America,Bahamas
Bahamas,BHS,2019,9800,North America,Bahamas
Bangladesh,BGD,2008,61000,Asia,Bangladesh
Bangladesh,BGD,2009,1342000,Asia,Bangladesh
Bangladesh,BGD,2010,569000,Asia,Bangladesh
Bangladesh,BGD,2011,400000,Asia,Bangladesh
Bangladesh,BGD,2012,651000,Asia,Bangladesh
Bangladesh,BGD,2013,1159400,Asia,Bangladesh
Bangladesh,BGD,2014,543000,Asia,Bangladesh
Bangladesh,BGD,2015,530400,Asia,Bangladesh
Bangladesh,BGD,2016,614000,Asia,Bangladesh
Bangladesh,BGD,2017,939500,Asia,Bangladesh
Bangladesh,BGD,2018,77541,Asia,Bangladesh
Bangladesh,BGD,2019,4085873,Asia,Bangladesh
Bangladesh,BGD,2020,4443359,Asia,Bangladesh
Bangladesh,BGD,2021,98846,Asia,Bangladesh
Belgium,BEL,2018,50,Europe,Belgium
Belgium,BEL,2019,10,Europe,Belgium
Belgium,BEL,2021,16114,Europe,Belgium
Belize,BLZ,2008,400,North America,Belize
Belize,BLZ,2013,130,North America,Belize
Belize,BLZ,2015,250,North America,Belize
Belize,BLZ,2016,3500,North America,Belize
Belize,BLZ,2020,6290,North America,Belize
Benin,BEN,2008,150000,Africa,Benin
Benin,BEN,2009,40000,Africa,Benin
Benin,BEN,2010,275000,Africa,Benin
Benin,BEN,2012,10000,Africa,Benin
Benin,BEN,2013,15410,Africa,Benin
Benin,BEN,2016,960,Africa,Benin
Benin,BEN,2017,3500,Africa,Benin
Benin,BEN,2018,22094,Africa,Benin
Benin,BEN,2019,5000,Africa,Benin
Benin,BEN,2020,7020,Africa,Benin
Benin,BEN,2021,10000,Africa,Benin
Bhutan,BTN,2015,2900,Asia,Bhutan
Bhutan,BTN,2016,696,Asia,Bhutan
Bhutan,BTN,2020,120,Asia,Bhutan
Bolivia,BOL,2009,630,South America,Bolivia
Bolivia,BOL,2010,100300,South America,Bolivia
Bolivia,BOL,2011,11000,South America,Bolivia
Bolivia,BOL,2012,9000,South America,Bolivia
Bolivia,BOL,2013,4700,South America,Bolivia
Bolivia,BOL,2014,190191,South America,Bolivia
Bolivia,BOL,2015,11290,South America,Bolivia
Bolivia,BOL,2016,7000,South America,Bolivia
Bolivia,BOL,2017,3016,South America,Bolivia
Bolivia,BOL,2018,2413,South America,Bolivia
Bolivia,BOL,2019,76340,South America,Bolivia
Bolivia,BOL,2020,13356,South America,Bolivia
Bolivia,BOL,2021,903,South America,Bolivia
Bosnia and Herzegovina,BIH,2014,90640,Europe,Bosnia and Herz.
Bosnia and Herzegovina,BIH,2015,320,Europe,Bosnia and Herz.
Bosnia and Herzegovina,BIH,2019,275,Europe,Bosnia and Herz.
Bosnia and Herzegovina,BIH,2020,910,Europe,Bosnia and Herz.
Bosnia and Herzegovina,BIH,2021,314,Europe,Bosnia and Herz.
Botswana,BWA,2009,870,Africa,Botswana
Botswana,BWA,2013,1200,Africa,Botswana
Botswana,BWA,2014,2000,Africa,Botswana
Botswana,BWA,2015,250,Africa,Botswana
Botswana,BWA,2017,2000,Africa,Botswana
Botswana,BWA,2018,1600,Africa,Botswana
Botswana,BWA,2020,780,Africa,Botswana
Brazil,BRA,2008,309400,South America,Brazil
Brazil,BRA,2009,522950,South America,Brazil
Brazil,BRA,2010,230000,South America,Brazil
Brazil,BRA,2011,169500,South America,Brazil
Brazil,BRA,2012,35000,South America,Brazil
Brazil,BRA,2013,81700,South America,Brazil
Brazil,BRA,2014,149900,South America,Brazil
Brazil,BRA,2015,59500,South America,Brazil
Brazil,BRA,2016,14000,South America,Brazil
Brazil,BRA,2017,70500,South America,Brazil
Brazil,BRA,2018,85600,South America,Brazil
Brazil,BRA,2019,295109,South America,Brazil
Brazil,BRA,2020,357307,South America,Brazil
Brazil,BRA,2021,414217,South America,Brazil
Brunei Darussalam,BRN,2014,51,Asia,Brunei
Brunei Darussalam,BRN,2017,94,Asia,Brunei
Bulgaria,BGR,2012,2100,Europe,Bulgaria
Bulgaria,BGR,2014,2300,Europe,Bulgaria
Bulgaria,BGR,2015,820,Europe,Bulgaria
Bulgaria,BGR,2016,24,Europe,Bulgaria
Bulgaria,BGR,2017,22,Europe,Bulgaria
Bulgaria,BGR,2018,50,Europe,Bulgaria
Bulgaria,BGR,2021,25,Europe,Bulgaria
Burkina Faso,BFA,2008,28000,Africa,Burkina Faso
Burkina Faso,BFA,2009,150000,Africa,Burkina Faso
Burkina Faso,BFA,2010,20000,Africa,Burkina Faso
Burkina Faso,BFA,2013,1800,Africa,Burkina Faso
Burkina Faso,BFA,2015,3700,Africa,Burkina Faso
Burkina Faso,BFA,2016,18000,Africa,Burkina Faso
Burkina Faso,BFA,2017,8250,Africa,Burkina Faso
Burkina Faso,BFA,2018,5170,Africa,Burkina Faso
Burkina Faso,BFA,2020,20000,Africa,Burkina Faso
Burundi,BDI,2008,2800,Africa,Burundi
Burundi,BDI,2010,1500,Africa,Burundi
Burundi,BDI,2014,13000,Africa,Burundi
Burundi,BDI,2015,3100,Africa,Burundi
Burundi,BDI,2016,6600,Africa,Burundi
Burundi,BDI,2017,10903,Africa,Burundi
Burundi,BDI,2018,35246,Africa,Burundi
Burundi,BDI,2019,27085,Africa,Burundi
Burundi,BDI,2020,51288,Africa,Burundi
Burundi,BDI,2021,87098,Africa,Burundi
Cambodia,KHM,2009,66000,Asia,Cambodia
Cambodia,KHM,2010,32000,Asia,Cambodia
Cambodia,KHM,2011,214000,Asia,Cambodia
Cambodia,KHM,2013,144450,Asia,Cambodia
Cambodia,KHM,2014,148910,Asia,Cambodia
Cambodia,KHM,2015,8802,Asia,Cambodia
Cambodia,KHM,2016,8250,Asia,Cambodia
Cambodia,KHM,2017,15103,Asia,Cambodia
Cambodia,KHM,2018,37169,Asia,Cambodia
Cambodia,KHM,2019,69878,Asia,Cambodia
Cambodia,KHM,2020,66480,Asia,Cambodia
Cambodia,KHM,2021,14613,Asia,Cambodia
Cameroon,CMR,2008,1000,Africa,Cameroon
Cameroon,CMR,2010,3000,Africa,Cameroon
Cameroon,CMR,2012,30000,Africa,Cameroon
Cameroon,CMR,2013,10000,Africa,Cameroon
Cameroon,CMR,2014,3500,Africa,Cameroon
Cameroon,CMR,2015,11360,Africa,Cameroon
Cameroon,CMR,2019,24039,Africa,Cameroon
Cameroon,CMR,2020,115600,Africa,Cameroon
Cameroon,CMR,2021,1800,Africa,Cameroon
Canada,CAN,2008,2000,North America,Canada
Canada,CAN,2013,120240,North America,Canada
Canada,CAN,2014,5800,North America,Canada
Canada,CAN,2015,13300,North America,Canada
Canada,CAN,2016,92806,North America,Canada
Canada,CAN,2017,85360,North America,Canada
Canada,CAN,2018,18610,North America,Canada
Canada,CAN,2019,41136,North America,Canada
Canada,CAN,2020,25717,North America,Canada
Canada,CAN,2021,59935,North America,Canada
Central African Republic,CAF,2008,14000,Africa,Central African Rep.
Central African Republic,CAF,2009,14800,Africa,Central African Rep.
Central African Republic,CAF,2012,17900,Africa,Central African Rep.
Central African Republic,CAF,2013,14500,Africa,Central African Rep.
Central African Republic,CAF,2014,950,Africa,Central African Rep.
Central African Republic,CAF,2015,1100,Africa,Central African Rep.
Central African Republic,CAF,2016,7430,Africa,Central African Rep.
Central African Republic,CAF,2017,2900,Africa,Central African Rep.
Central African Republic,CAF,2018,9220,Africa,Central African Rep.
Central African Republic,CAF,2019,101838,Africa,Central African Rep.
Central African Republic,CAF,2020,15002,Africa,Central African Rep.
Central African Republic,CAF,2021,23500,Africa,Central African Rep.
Chad,TCD,2008,10000,Africa,Chad
Chad,TCD,2009,5800,Africa,Chad
Chad,TCD,2010,70000,Africa,Chad
Chad,TCD,2012,500000,Africa,Chad
Chad,TCD,2013,89000,Africa,Chad
Chad,TCD,2014,9900,Africa,Chad
Chad,TCD,2016,5700,Africa,Chad
Chad,TCD,2018,2000,Africa,Chad
Chad,TCD,2019,31170,Africa,Chad
Chad,TCD,2020,71780,Africa,Chad
Chad,TCD,2021,24141,Africa,Chad
Chile,CHL,2008,35000,South America,Chile
Chile,CHL,2009,700,South America,Chile
Chile,CHL,2012,300,South America,Chile
Chile,CHL,2013,1200,South America,Chile
Chile,CHL,2014,12345,South America,Chile
Chile,CHL,2015,37100,South America,Chile
Chile,CHL,2016,1040,South America,Chile
Chile,CHL,2017,8259,South America,Chile
Chile,CHL,2018,2487,South America,Chile
Chile,CHL,2019,3874,South America,Chile
Chile,CHL,2020,3445,South America,Chile
Chile,CHL,2021,1138,South America,Chile
China,CHN,2008,2992390,Asia,China
China,CHN,2009,3569000,Asia,China
China,CHN,2010,15789530,Asia,China
China,CHN,2011,4265200,Asia,China
China,CHN,2012,5475900,Asia,China
China,CHN,2013,4914200,Asia,China
China,CHN,2014,3145490,Asia,China
China,CHN,2015,3573281,Asia,China
China,CHN,2016,7390860,Asia,China
China,CHN,2017,4400590,Asia,China
China,CHN,2018,3715394,Asia,China
China,CHN,2019,3933280,Asia,China
China,CHN,2020,5059005,Asia,China
China,CHN,2021,5822388,Asia,China
Colombia,COL,2008,30000,South America,Colombia
Colombia,COL,2009,590,South America,Colombia
Colombia,COL,2010,3000000,South America,Colombia
Colombia,COL,2011,149000,South America,Colombia
Colombia,COL,2012,64000,South America,Colombia
Colombia,COL,2013,9197,South America,Colombia
Colombia,COL,2014,7528,South America,Colombia
Colombia,COL,2015,4539,South America,Colombia
Colombia,COL,2016,31210,South America,Colombia
Colombia,COL,2017,24730,South America,Colombia
Colombia,COL,2018,39589,South America,Colombia
Colombia,COL,2019,33393,South America,Colombia
Colombia,COL,2020,63408,South America,Colombia
Colombia,COL,2021,31698,South America,Colombia
Congo,COG,2019,166002,Africa,Congo
Congo,COG,2021,6700,Africa,Congo
Costa Rica,CRI,2008,12100,North America,Costa Rica
Costa Rica,CRI,2011,2100,North America,Costa Rica
Costa Rica,CRI,2012,2000,North America,Costa Rica
Costa Rica,CRI,2013,45,North America,Costa Rica
Costa Rica,CRI,2015,1100,North America,Costa Rica
Costa Rica,CRI,2016,5692,North America,Costa Rica
Costa Rica,CRI,2017,10341,North America,Costa Rica
Costa Rica,CRI,2018,5610,North America,Costa Rica
Costa Rica,CRI,2019,389,North America,Costa Rica
Costa Rica,CRI,2020,4268,North America,Costa Rica
Costa Rica,CRI,2021,287,North America,Costa Rica
Croatia,HRV,2014,18000,Europe,Croatia
Croatia,HRV,2015,1010,Europe,Croatia
Croatia,HRV,2017,233,Europe,Croatia
Croatia,HRV,2018,139,Europe,Croatia
Cuba,CUB,2008,2730000,North America,Cuba
Cuba,CUB,2012,351500,North America,Cuba
Cuba,CUB,2015,2000,North America,Cuba
Cuba,CUB,2016,1079000,North America,Cuba
Cuba,CUB,2017,1738000,North America,Cuba
Cuba,CUB,2018,52820,North America,Cuba
Cuba,CUB,2019,9900,North America,Cuba
Cuba,CUB,2020,639643,North America,Cuba
Cuba,CUB,2021,194000,North America,Cuba
Cyprus,CYP,2016,40,Asia,Cyprus
Cyprus,CYP,2018,8,Asia,Cyprus
Cyprus,CYP,2021,59,Asia,Cyprus
Czech Republic,CZE,2013,26000,Europe,Czechia
Czech Republic,CZE,2018,12,Europe,Czechia
Czech Republic,CZE,2020,43,Europe,Czechia
Czech Republic,CZE,2021,2820,Europe,Czechia
Côte d'Ivoire,CIV,2009,10000,Africa,Côte d'Ivoire
Côte d'Ivoire,CIV,2013,78,Africa,Côte d'Ivoire
Côte d'Ivoire,CIV,2014,4500,Africa,Côte d'Ivoire
Côte d'Ivoire,CIV,2018,3158,Africa,Côte d'Ivoire
Côte d'Ivoire,CIV,2019,716,Africa,Côte d'Ivoire
Côte d'Ivoire,CIV,2020,1890,Africa,Côte d'Ivoire
Dem. People's Rep. Korea,PRK,2010,28000,Asia,North Korea
Dem. People's Rep. Korea,PRK,2011,25000,Asia,North Korea
Dem. People's Rep. Korea,PRK,2012,232000,Asia,North Korea
Dem. People's Rep. Korea,PRK,2013,82000,Asia,North Korea
Dem. People's Rep. Korea,PRK,2015,6000,Asia,North Korea
Dem. People's Rep. Korea,PRK,2016,107000,Asia,North Korea
Dem. People's Rep. Korea,PRK,2018,69000,Asia,North Korea
Dem. People's Rep. Korea,PRK,2019,6400,Asia,North Korea
Dem. People's Rep. Korea,PRK,2020,5300,Asia,North Korea
Dem. People's Rep. Korea,PRK,2021,5000,Asia,North Korea
Dem. Rep. Congo,COD,2008,500,Africa,Dem. Rep. Congo
Dem. Rep. Congo,COD,2009,130,Africa,Dem. Rep. Congo
Dem. Rep. Congo,COD,2010,98300,Africa,Dem. Rep. Congo
Dem. Rep. Congo,COD,2011,11600,Africa,Dem. Rep. Congo
Dem. Rep. Congo,COD,2012,23000,Africa,Dem. Rep. Congo
Dem. Rep. Congo,COD,2013,3820,Africa,Dem. Rep. Congo
Dem. Rep. Congo,COD,2014,24590,Africa,Dem. Rep. Congo
Dem. Rep. Congo,COD,2015,106508,Africa,Dem. Rep. Congo
Dem. Rep. Congo,COD,2016,129600,Africa,Dem. Rep. Congo
Dem. Rep. Congo,COD,2017,27421,Africa,Dem. Rep. Congo
Dem. Rep. Congo,COD,2018,81557,Africa,Dem. Rep. Congo
Dem. Rep. Congo,COD,2019,232000,Africa,Dem. Rep. Congo
Dem. Rep. Congo,COD,2020,279167,Africa,Dem. Rep. Congo
Dem. Rep. Congo,COD,2021,288260,Africa,Dem. Rep. Congo
Djibouti,DJI,2018,9400,Africa,Djibouti
Djibouti,DJI,2019,10000,Africa,Djibouti
Djibouti,DJI,2020,11,Africa,Djibouti
Dominican Republic,DOM,2008,9000,North America,Dominican Rep.
Dominican Republic,DOM,2011,16900,North America,Dominican Rep.
Dominican Republic,DOM,2012,43200,North America,Dominican Rep.
Dominican Republic,DOM,2013,14230,North America,Dominican Rep.
Dominican Republic,DOM,2014,11450,North America,Dominican Rep.
Dominican Republic,DOM,2015,27810,North America,Dominican Rep.
Dominican Republic,DOM,2016,53000,North America,Dominican Rep.
Dominican Republic,DOM,2017,69220,North America,Dominican Rep.
Dominican Republic,DOM,2018,27560,North America,Dominican Rep.
Dominican Republic,DOM,2019,4900,North America,Dominican Rep.
Dominican Republic,DOM,2020,30900,North America,Dominican Rep.
Dominican Republic,DOM,2021,10380,North America,Dominican Rep.
Ecuador,ECU,2008,14000,South America,Ecuador
Ecuador,ECU,2010,500,South America,Ecuador
Ecuador,ECU,2012,4800,South America,Ecuador
Ecuador,ECU,2013,7300,South America,Ecuador
Ecuador,ECU,2014,560,South America,Ecuador
Ecuador,ECU,2015,1500,South America,Ecuador
Ecuador,ECU,2016,17230,South America,Ecuador
Ecuador,ECU,2017,2922,South America,Ecuador
Ecuador,ECU,2018,1158,South America,Ecuador
Ecuador,ECU,2019,1082,South America,Ecuador
Ecuador,ECU,2020,1210,South America,Ecuador
Ecuador,ECU,2021,4864,South America,Ecuador
Egypt,EGY,2014,200,Africa,Egypt
Egypt,EGY,2015,100,Africa,Egypt
Egypt,EGY,2016,820,Africa,Egypt
Egypt,EGY,2018,8,Africa,Egypt
Egypt,EGY,2020,8400,Africa,Egypt
Egypt,EGY,2021,1100,Africa,Egypt
El Salvador,SLV,2008,95,North America,El Salvador
El Salvador,SLV,2009,15000,North America,El Salvador
El Salvador,SLV,2010,16000,North America,El Salvador
El Salvador,SLV,2011,60000,North America,El Salvador
El Salvador,SLV,2015,2000,North America,El Salvador
El Salvador,SLV,2016,478,North America,El Salvador
El Salvador,SLV,2017,390,North America,El Salvador
El Salvador,SLV,2018,2108,North America,El Salvador
El Salvador,SLV,2019,1927,North America,El Salvador
El Salvador,SLV,2020,16494,North America,El Salvador
El Salvador,SLV,2021,550,North America,El Salvador
Eritrea,ERI,2013,100,Africa,Eritrea
Eswatini,SWZ,2018,111,Africa,eSwatini
Eswatini,SWZ,2021,110,Africa,eSwatini
Ethiopia,ETH,2008,72810,Africa,Ethiopia
Ethiopia,ETH,2010,10000,Africa,Ethiopia
Ethiopia,ETH,2012,20000,Africa,Ethiopia
Ethiopia,ETH,2013,61500,Africa,Ethiopia
Ethiopia,ETH,2014,49450,Africa,Ethiopia
Ethiopia,ETH,2015,101080,Africa,Ethiopia
Ethiopia,ETH,2016,347000,Africa,Ethiopia
Ethiopia,ETH,2017,433970,Africa,Ethiopia
Ethiopia,ETH,2018,295750,Africa,Ethiopia
Ethiopia,ETH,2019,503602,Africa,Ethiopia
Ethiopia,ETH,2020,663700,Africa,Ethiopia
Ethiopia,ETH,2021,240360,Africa,Ethiopia
Fiji,FJI,2009,13200,Oceania,Fiji
Fiji,FJI,2010,18000,Oceania,Fiji
Fiji,FJI,2012,27000,Oceania,Fiji
Fiji,FJI,2014,800,Oceania,Fiji
Fiji,FJI,2016,76100,Oceania,Fiji
Fiji,FJI,2017,350,Oceania,Fiji
Fiji,FJI,2018,12300,Oceania,Fiji
Fiji,FJI,2019,4982,Oceania,Fiji
Fiji,FJI,2020,36135,Oceania,Fiji
Fiji,FJI,2021,14019,Oceania,Fiji
Finland,FIN,2008,20,Europe,Finland
Finland,FIN,2013,30,Europe,Finland
Finland,FIN,2018,51,Europe,Finland
France,FRA,2008,870,Europe,France
France,FRA,2010,4500,Europe,France
France,FRA,2013,6706,Europe,France
France,FRA,2014,4102,Europe,France
France,FRA,2015,120,Europe,France
France,FRA,2017,21300,Europe,France
France,FRA,2018,6335,Europe,France
France,FRA,2019,4158,Europe,France
France,FRA,2020,10419,Europe,France
France,FRA,2021,8909,Europe,France
Gabon,GAB,2009,800,Africa,Gabon
Gabon,GAB,2012,1600,Africa,Gabon
Gabon,GAB,2013,1760,Africa,Gabon
Gabon,GAB,2017,8,Africa,Gabon
Gabon,GAB,2020,2,Africa,Gabon
Gambia,GMB,2008,400,Africa,Gambia
Gambia,GMB,2010,25000,Africa,Gambia
Gambia,GMB,2012,7700,Africa,Gambia
Gambia,GMB,2013,400,Africa,Gambia
Gambia,GMB,2016,4600,Africa,Gambia
Gambia,GMB,2017,878,Africa,Gambia
Gambia,GMB,2019,4000,Africa,Gambia
Gambia,GMB,2020,17600,Africa,Gambia
Gambia,GMB,2021,2390,Africa,Gambia
Georgia,GEO,2013,1500,Asia,Georgia
Georgia,GEO,2014,120,Asia,Georgia
Georgia,GEO,2015,1234,Asia,Georgia
Georgia,GEO,2018,304,Asia,Georgia
Georgia,GEO,2020,160,Asia,Georgia
Georgia,GEO,2021,85,Asia,Georgia
Germany,DEU,2013,53000,Europe,Germany
Germany,DEU,2016,2000,Europe,Germany
Germany,DEU,2017,218,Europe,Germany
Germany,DEU,2018,509,Europe,Germany
Germany,DEU,2019,680,Europe,Germany
Germany,DEU,2020,2,Europe,Germany
Germany,DEU,2021,17290,Europe,Germany
Ghana,GHA,2008,14000,Africa,Ghana
Ghana,GHA,2009,52000,Africa,Ghana
Ghana,GHA,2011,49000,Africa,Ghana
Ghana,GHA,2013,30600,Africa,Ghana
Ghana,GHA,2015,9300,Africa,Ghana
Ghana,GHA,2016,7900,Africa,Ghana
Ghana,GHA,2017,23282,Africa,Ghana
Ghana,GHA,2018,61240,Africa,Ghana
Ghana,GHA,2019,15942,Africa,Ghana
Ghana,GHA,2020,1950,Africa,Ghana
Ghana,GHA,2021,12040,Africa,Ghana
Greece,GRC,2009,330,Europe,Greece
Greece,GRC,2013,60,Europe,Greece
Greece,GRC,2015,270,Europe,Greece
Greece,GRC,2016,2921,Europe,Greece
Greece,GRC,2018,9212,Europe,Greece
Greece,GRC,2019,2800,Europe,Greece
Greece,GRC,2020,11947,Europe,Greece
Greece,GRC,2021,58658,Europe,Greece
Greenland,GRL,2018,170,North America,Greenland
Guatemala,GTM,2008,18200,North America,Guatemala
Guatemala,GTM,2010,163000,North America,Guatemala
Guatemala,GTM,2011,29100,North America,Guatemala
Guatemala,GTM,2014,480,North America,Guatemala
Guatemala,GTM,2015,2860,North America,Guatemala
Guatemala,GTM,2016,1615,North America,Guatemala
Guatemala,GTM,2017,44920,North America,Guatemala
Guatemala,GTM,2018,9820,North America,Guatemala
Guatemala,GTM,2019,20500,North America,Guatemala
Guatemala,GTM,2020,338010,North America,Guatemala
Guatemala,GTM,2021,15384,North America,Guatemala
Guinea,GIN,2011,4500,Africa,Guinea
Guinea,GIN,2013,300,Africa,Guinea
Guinea,GIN,2015,34570,Africa,Guinea
Guinea,GIN,2016,483,Africa,Guinea
Guinea,GIN,2017,700,Africa,Guinea
Guinea,GIN,2018,3800,Africa,Guinea
Guinea,GIN,2019,18,Africa,Guinea
Guinea,GIN,2020,2390,Africa,Guinea
Guinea,GIN,2021,2600,Africa,Guinea
Guinea-Bissau,GNB,2008,750,Africa,Guinea-Bissau
Guinea-Bissau,GNB,2010,2000,Africa,Guinea-Bissau
Guinea-Bissau,GNB,2018,3700,Africa,Guinea-Bissau
Guinea-Bissau,GNB,2019,410,Africa,Guinea-Bissau
Guyana,GUY,2017,195,South America,Guyana
Guyana,GUY,2018,168,South America,Guyana
Guyana,GUY,2021,220,South America,Guyana
Haiti,HTI,2008,139020,North America,Haiti
Haiti,HTI,2009,9900,North America,Haiti
Haiti,HTI,2010,73000,North America,Haiti
Haiti,HTI,2011,500,North America,Haiti
Haiti,HTI,2012,86100,North America,Haiti
Haiti,HTI,2013,1100,North America,Haiti
Haiti,HTI,2014,6500,North America,Haiti
Haiti,HTI,2015,1500,North America,Haiti
Haiti,HTI,2016,180708,North America,Haiti
Haiti,HTI,2017,15040,North America,Haiti
Haiti,HTI,2018,235,North America,Haiti
Haiti,HTI,2019,1148,North America,Haiti
Haiti,HTI,2020,12960,North America,Haiti
Haiti,HTI,2021,560,North America,Haiti
Honduras,HND,2008,70250,North America,Honduras
Honduras,HND,2010,8000,North America,Honduras
Honduras,HND,2011,12000,North America,Honduras
Honduras,HND,2014,2500,North America,Honduras
Honduras,HND,2015,2020,North America,Honduras
Honduras,HND,2016,739,North America,Honduras
Honduras,HND,2018,17450,North America,Honduras
Honduras,HND,2019,386,North America,Honduras
Honduras,HND,2020,937280,North America,Honduras
Honduras,HND,2021,267,North America,Honduras
Hungary,HUN,2013,1300,Europe,Hungary
Hungary,HUN,2014,296,Europe,Hungary
Hungary,HUN,2017,96,Europe,Hungary
Hungary,HUN,2019,110,Europe,Hungary
Hungary,HUN,2020,14,Europe,Hungary
Iceland,ISL,2017,50,Europe,Iceland
Iceland,ISL,2020,590,Europe,Iceland
Iceland,ISL,2021,152,Europe,Iceland
India,IND,2008,6662300,Asia,India
India,IND,2009,5304000,Asia,India
India,IND,2010,1411000,Asia,India
India,IND,2011,1428000,Asia,India
India,IND,2012,9110000,Asia,India
India,IND,2013,2088000,Asia,India
India,IND,2014,3426770,Asia,India
India,IND,2015,3629875,Asia,India
India,IND,2016,2389540,Asia,India
India,IND,2017,1346140,Asia,India
India,IND,2018,2675129,Asia,India
India,IND,2019,5016420,Asia,India
India,IND,2020,3856894,Asia,India
India,IND,2021,4903546,Asia,India
Indonesia,IDN,2008,200000,Asia,Indonesia
Indonesia,IDN,2010,230,Asia,Indonesia
Indonesia,IDN,2011,2000,Asia,Indonesia
Indonesia,IDN,2012,103230,Asia,Indonesia
Indonesia,IDN,2013,317137,Asia,Indonesia
Indonesia,IDN,2014,764334,Asia,Indonesia
Indonesia,IDN,2015,169713,Asia,Indonesia
Indonesia,IDN,2016,1134209,Asia,Indonesia
Indonesia,IDN,2017,198100,Asia,Indonesia
Indonesia,IDN,2018,81114,Asia,Indonesia
Indonesia,IDN,2019,168968,Asia,Indonesia
Indonesia,IDN,2020,691642,Asia,Indonesia
Indonesia,IDN,2021,619042,Asia,Indonesia
Iran,IRN,2013,2200,Asia,Iran
Iran,IRN,2015,5400,Asia,Iran
Iran,IRN,2016,78,Asia,Iran
Iran,IRN,2017,21012,Asia,Iran
Iran,IRN,2018,25546,Asia,Iran
Iran,IRN,2019,505130,Asia,Iran
Iran,IRN,2020,37087,Asia,Iran
Iran,IRN,2021,16240,Asia,Iran
Iraq,IRQ,2008,600,Asia,Iraq
Iraq,IRQ,2011,2000,Asia,Iraq
Iraq,IRQ,2013,7900,Asia,Iraq
Iraq,IRQ,2015,23000,Asia,Iraq
Iraq,IRQ,2018,64620,Asia,Iraq
Iraq,IRQ,2019,37000,Asia,Iraq
Iraq,IRQ,2020,1240,Asia,Iraq
Iraq,IRQ,2021,9500,Asia,Iraq
Ireland,IRL,2015,1600,Europe,Ireland
Ireland,IRL,2017,62,Europe,Ireland
Ireland,IRL,2020,51,Europe,Ireland
Ireland,IRL,2021,25,Europe,Ireland
Israel,ISR,2013,200,Asia,Israel
Israel,ISR,2014,700,Asia,Israel
Israel,ISR,2016,75210,Asia,Israel
Israel,ISR,2018,80,Asia,Israel
Israel,ISR,2019,1230,Asia,Israel
Israel,ISR,2020,10412,Asia,Israel
Israel,ISR,2021,3861,Asia,Israel
Italy,ITA,2009,5000,Europe,Italy
Italy,ITA,2012,800,Europe,Italy
Italy,ITA,2013,2700,Europe,Italy
Italy,ITA,2014,1600,Europe,Italy
Italy,ITA,2015,1321,Europe,Italy
Italy,ITA,2016,950,Europe,Italy
Italy,ITA,2017,2053,Europe,Italy
Italy,ITA,2018,2647,Europe,Italy
Italy,ITA,2019,2710,Europe,Italy
Italy,ITA,2020,1948,Europe,Italy
Italy,ITA,2021,2173,Europe,Italy
Jamaica,JAM,2008,1500,North America,Jamaica
Jamaica,JAM,2012,2000,North America,Jamaica
Jamaica,JAM,2016,3524,North America,Jamaica
Jamaica,JAM,2017,29,North America,Jamaica
Jamaica,JAM,2018,7,North America,Jamaica
Jamaica,JAM,2020,2,North America,Jamaica
Jamaica,JAM,2021,16,North America,Jamaica
Japan,JPN,2008,800,Asia,Japan
Japan,JPN,2010,85000,Asia,Japan
Japan,JPN,2011,400000,Asia,Japan
Japan,JPN,2012,308000,Asia,Japan
Japan,JPN,2013,638613,Asia,Japan
Japan,JPN,2014,707014,Asia,Japan
Japan,JPN,2015,484926,Asia,Japan
Japan,JPN,2016,664444,Asia,Japan
Japan,JPN,2017,20770,Asia,Japan
Japan,JPN,2018,130107,Asia,Japan
Japan,JPN,2019,263641,Asia,Japan
Japan,JPN,2020,186000,Asia,Japan
Japan,JPN,2021,13105,Asia,Japan
Jordan,JOR,2013,420,Asia,Jordan
Jordan,JOR,2017,160,Asia,Jordan
Jordan,JOR,2018,2000,Asia,Jordan
Jordan,JOR,2019,46,Asia,Jordan
Jordan,JOR,2020,140,Asia,Jordan
Kazakhstan,KAZ,2010,5000,Asia,Kazakhstan
Kazakhstan,KAZ,2011,9000,Asia,Kazakhstan
Kazakhstan,KAZ,2012,5100,Asia,Kazakhstan
Kazakhstan,KAZ,2013,330,Asia,Kazakhstan
Kazakhstan,KAZ,2015,19000,Asia,Kazakhstan
Kazakhstan,KAZ,2016,1000,Asia,Kazakhstan
Kazakhstan,KAZ,2017,7100,Asia,Kazakhstan
Kazakhstan,KAZ,2018,400,Asia,Kazakhstan
Kazakhstan,KAZ,2020,32000,Asia,Kazakhstan
Kazakhstan,KAZ,2021,141,Asia,Kazakhstan
Kenya,KEN,2008,10100,Africa,Kenya
Kenya,KEN,2009,92000,Africa,Kenya
Kenya,KEN,2010,53500,Africa,Kenya
Kenya,KEN,2011,19000,Africa,Kenya
Kenya,KEN,2012,97910,Africa,Kenya
Kenya,KEN,2013,180600,Africa,Kenya
Kenya,KEN,2014,1400,Africa,Kenya
Kenya,KEN,2015,105590,Africa,Kenya
Kenya,KEN,2016,40000,Africa,Kenya
Kenya,KEN,2017,35616,Africa,Kenya
Kenya,KEN,2018,336758,Africa,Kenya
Kenya,KEN,2019,74048,Africa,Kenya
Kenya,KEN,2020,335326,Africa,Kenya
Kenya,KEN,2021,36202,Africa,Kenya
Korea,KOR,2011,5500,Asia,South Korea
Korea,KOR,2013,4225,Asia,South Korea
Korea,KOR,2016,7456,Asia,South Korea
Korea,KOR,2017,3020,Asia,South Korea
Korea,KOR,2018,1084,Asia,South Korea
Korea,KOR,2019,5590,Asia,South Korea
Korea,KOR,2020,19245,Asia,South Korea
Korea,KOR,2021,2774,Asia,South Korea
Kosovo,-99,2013,1000,Europe,Kosovo
Kosovo,-99,2016,10,Europe,Kosovo
Kosovo,-99,2021,70,Europe,Kosovo
Kyrgyzstan,KGZ,2015,131,Asia,Kyrgyzstan
Kyrgyzstan,KGZ,2017,220,Asia,Kyrgyzstan
Kyrgyzstan,KGZ,2018,4710,Asia,Kyrgyzstan
Kyrgyzstan,KGZ,2021,116,Asia,Kyrgyzstan
Lao PDR,LAO,2009,38000,Asia,Laos
Lao PDR,LAO,2011,50000,Asia,Laos
Lao PDR,LAO,2013,9950,Asia,Laos
Lao PDR,LAO,2014,790,Asia,Laos
Lao PDR,LAO,2015,12049,Asia,Laos
Lao PDR,LAO,2016,660,Asia,Laos
Lao PDR,LAO,2017,190,Asia,Laos
Lao PDR,LAO,2018,19020,Asia,Laos
Lao PDR,LAO,2019,102000,Asia,Laos
Lao PDR,LAO,2020,12004,Asia,Laos
Lao PDR,LAO,2021,5,Asia,Laos
Latvia,LVA,2018,24,Europe,Latvia
Lebanon,LBN,2014,1300,Asia,Lebanon
Lebanon,LBN,2015,110,Asia,Lebanon
Lebanon,LBN,2019,4300,Asia,Lebanon
Lebanon,LBN,2021,846,Asia,Lebanon
Lesotho,LSO,2010,5000,Africa,Lesotho
Lesotho,LSO,2011,3400,Africa,Lesotho
Lesotho,LSO,2014,2600,Africa,Lesotho
Lesotho,LSO,2018,1400,Africa,Lesotho
Lesotho,LSO,2021,730,Africa,Lesotho
Liberia,LBR,2008,1000,Africa,Liberia
Liberia,LBR,2014,650,Africa,Liberia
Liberia,LBR,2016,10000,Africa,Liberia
Liberia,LBR,2017,970,Africa,Liberia
Liberia,LBR,2018,15100,Africa,Liberia
Liberia,LBR,2019,600,Africa,Liberia
Liberia,LBR,2020,3710,Africa,Liberia
Libya,LBY,2013,3000,Africa,Libya
Libya,LBY,2019,4600,Africa,Libya
Libya,LBY,2021,1230,Africa,Libya
Luxembourg,LUX,2019,190,Europe,Luxembourg
Luxembourg,LUX,2020,2,Europe,Luxembourg
Luxembourg,LUX,2021,560,Europe,Luxembourg
Madagascar,MDG,2008,194200,Africa,Madagascar
Madagascar,MDG,2009,8100,Africa,Madagascar
Madagascar,MDG,2010,38000,Africa,Madagascar
Madagascar,MDG,2011,26000,Africa,Madagascar
Madagascar,MDG,2012,268000,Africa,Madagascar
Madagascar,MDG,2013,20000,Africa,Madagascar
Madagascar,MDG,2014,2800,Africa,Madagascar
Madagascar,MDG,2015,86800,Africa,Madagascar
Madagascar,MDG,2016,51000,Africa,Madagascar
Madagascar,MDG,2017,248200,Africa,Madagascar
Madagascar,MDG,2018,74820,Africa,Madagascar
Madagascar,MDG,2019,5750,Africa,Madagascar
Madagascar,MDG,2020,22190,Africa,Madagascar
Madagascar,MDG,2021,4840,Africa,Madagascar
Malawi,MWI,2011,25000,Africa,Malawi
Malawi,MWI,2012,6200,Africa,Malawi
Malawi,MWI,2013,33000,Africa,Malawi
Malawi,MWI,2014,600,Africa,Malawi
Malawi,MWI,2015,343000,Africa,Malawi
Malawi,MWI,2016,9500,Africa,Malawi
Malawi,MWI,2017,84590,Africa,Malawi
Malawi,MWI,2018,20304,Africa,Malawi
Malawi,MWI,2019,116730,Africa,Malawi
Malawi,MWI,2020,28912,Africa,Malawi
Malawi,MWI,2021,600,Africa,Malawi
Malaysia,MYS,2010,65000,Asia,Malaysia
Malaysia,MYS,2011,24000,Asia,Malaysia
Malaysia,MYS,2012,22000,Asia,Malaysia
Malaysia,MYS,2013,43000,Asia,Malaysia
Malaysia,MYS,2014,255610,Asia,Malaysia
Malaysia,MYS,2015,20990,Asia,Malaysia
Malaysia,MYS,2016,18404,Asia,Malaysia
Malaysia,MYS,2017,82020,Asia,Malaysia
Malaysia,MYS,2018,38625,Asia,Malaysia
Malaysia,MYS,2019,63823,Asia,Malaysia
Malaysia,MYS,2020,23609,Asia,Malaysia
Malaysia,MYS,2021,128228,Asia,Malaysia
Mali,MLI,2008,2500,Africa,Mali
Mali,MLI,2010,5800,Africa,Mali
Mali,MLI,2011,18000,Africa,Mali
Mali,MLI,2012,9000,Africa,Mali
Mali,MLI,2013,23500,Africa,Mali
Mali,MLI,2015,400,Africa,Mali
Mali,MLI,2016,8000,Africa,Mali
Mali,MLI,2017,6800,Africa,Mali
Mali,MLI,2018,19000,Africa,Mali
Mali,MLI,2019,6690,Africa,Mali
Mali,MLI,2020,7400,Africa,Mali
Mali,MLI,2021,6000,Africa,Mali
Mauritania,MRT,2010,5000,Africa,Mauritania
Mauritania,MRT,2013,4620,Africa,Mauritania
Mauritania,MRT,2017,2900,Africa,Mauritania
Mauritania,MRT,2018,450,Africa,Mauritania
Mauritania,MRT,2019,6600,Africa,Mauritania
Mauritania,MRT,2020,1600,Africa,Mauritania
Mexico,MEX,2008,13000,North America,Mexico
Mexico,MEX,2009,375000,North America,Mexico
Mexico,MEX,2010,900300,North America,Mexico
Mexico,MEX,2011,546800,North America,Mexico
Mexico,MEX,2012,2500,North America,Mexico
Mexico,MEX,2013,158330,North America,Mexico
Mexico,MEX,2014,18300,North America,Mexico
Mexico,MEX,2015,90460,North America,Mexico
Mexico,MEX,2016,11516,North America,Mexico
Mexico,MEX,2017,2310,North America,Mexico
Mexico,MEX,2018,20170,North America,Mexico
Mexico,MEX,2019,12323,North America,Mexico
Mexico,MEX,2020,99301,North America,Mexico
Mexico,MEX,2021,18584,North America,Mexico
Moldova,MDA,2008,200,Europe,Moldova
Mongolia,MNG,2009,22000,Asia,Mongolia
Mongolia,MNG,2015,810,Asia,Mongolia
Mongolia,MNG,2018,5940,Asia,Mongolia
Mongolia,MNG,2019,13,Asia,Mongolia
Mongolia,MNG,2020,4200,Asia,Mongolia
Mongolia,MNG,2021,6300,Asia,Mongolia
Montenegro,MNE,2010,1400,Europe,Montenegro
Montenegro,MNE,2012,800,Europe,Montenegro
Montenegro,MNE,2016,400,Europe,Montenegro
Montenegro,MNE,2017,2,Europe,Montenegro
Morocco,MAR,2008,5000,Africa,Morocco
Morocco,MAR,2010,15000,Africa,Morocco
Morocco,MAR,2014,1700,Africa,Morocco
Morocco,MAR,2019,202,Africa,Morocco
Morocco,MAR,2020,340,Africa,Morocco
Morocco,MAR,2021,10,Africa,Morocco
Mozambique,MOZ,2008,143000,Africa,Mozambique
Mozambique,MOZ,2009,7330,Africa,Mozambique
Mozambique,MOZ,2010,130000,Africa,Mozambique
Mozambique,MOZ,2011,22000,Africa,Mozambique
Mozambique,MOZ,2012,10000,Africa,Mozambique
Mozambique,MOZ,2013,186000,Africa,Mozambique
Mozambique,MOZ,2014,21200,Africa,Mozambique
Mozambique,MOZ,2015,61000,Africa,Mozambique
Mozambique,MOZ,2016,7000,Africa,Mozambique
Mozambique,MOZ,2017,170100,Africa,Mozambique
Mozambique,MOZ,2018,30840,Africa,Mozambique
Mozambique,MOZ,2019,505900,Africa,Mozambique
Mozambique,MOZ,2020,25149,Africa,Mozambique
Mozambique,MOZ,2021,43190,Africa,Mozambique
Myanmar,MMR,2008,2250000,Asia,Myanmar
Myanmar,MMR,2009,2500,Asia,Myanmar
Myanmar,MMR,2010,106100,Asia,Myanmar
Myanmar,MMR,2011,10000,Asia,Myanmar
Myanmar,MMR,2012,48000,Asia,Myanmar
Myanmar,MMR,2013,223000,Asia,Myanmar
Myanmar,MMR,2014,80832,Asia,Myanmar
Myanmar,MMR,2015,1618500,Asia,Myanmar
Myanmar,MMR,2016,508840,Asia,Myanmar
Myanmar,MMR,2017,351280,Asia,Myanmar
Myanmar,MMR,2018,297596,Asia,Myanmar
Myanmar,MMR,2019,270331,Asia,Myanmar
Myanmar,MMR,2020,49168,Asia,Myanmar
Myanmar,MMR,2021,157860,Asia,Myanmar
Namibia,NAM,2009,55000,Africa,Namibia
Namibia,NAM,2010,11000,Africa,Namibia
Namibia,NAM,2011,60000,Africa,Namibia
Namibia,NAM,2012,400,Africa,Namibia
Namibia,NAM,2013,18000,Africa,Namibia
Namibia,NAM,2014,163,Africa,Namibia
Namibia,NAM,2015,8,Africa,Namibia
Namibia,NAM,2017,3330,Africa,Namibia
Namibia,NAM,2018,13,Africa,Namibia
Namibia,NAM,2019,2,Africa,Namibia
Namibia,NAM,2020,200,Africa,Namibia
Namibia,NAM,2021,260,Africa,Namibia
Nepal,NPL,2008,250000,Asia,Nepal
Nepal,NPL,2009,18000,Asia,Nepal
Nepal,NPL,2012,600,Asia,Nepal
Nepal,NPL,2013,12000,Asia,Nepal
Nepal,NPL,2014,74000,Asia,Nepal
Nepal,NPL,2015,95,Asia,Nepal
Nepal,NPL,2016,31000,Asia,Nepal
Nepal,NPL,2017,383942,Asia,Nepal
Nepal,NPL,2018,12159,Asia,Nepal
Nepal,NPL,2019,121010,Asia,Nepal
Nepal,NPL,2020,48011,Asia,Nepal
Nepal,NPL,2021,33366,Asia,Nepal
Netherlands,NLD,2020,4003,Europe,Netherlands
Netherlands,NLD,2021,51000,Europe,Netherlands
New Caledonia,NCL,2017,570,Oceania,New Caledonia
New Caledonia,NCL,2018,48,Oceania,New Caledonia
New Caledonia,NCL,2020,31,Oceania,New Caledonia
New Caledonia,NCL,2021,5498,Oceania,New Caledonia
New Zealand,NZL,2012,450,Oceania,New Zealand
New Zealand,NZL,2013,210,Oceania,New Zealand
New Zealand,NZL,2015,440,Oceania,New Zealand
New Zealand,NZL,2016,285,Oceania,New Zealand
New Zealand,NZL,2017,6250,Oceania,New Zealand
New Zealand,NZL,2018,989,Oceania,New Zealand
New Zealand,NZL,2019,1295,Oceania,New Zealand
New Zealand,NZL,2020,4940,Oceania,New Zealand
New Zealand,NZL,2021,4373,Oceania,New Zealand
Nicaragua,NIC,2008,18900,North America,Nicaragua
Nicaragua,NIC,2010,61000,North America,Nicaragua
Nicaragua,NIC,2011,10000,North America,Nicaragua
Nicaragua,NIC,2013,160,North America,Nicaragua
Nicaragua,NIC,2014,32830,North America,Nicaragua
Nicaragua,NIC,2015,1020,North America,Nicaragua
Nicaragua,NIC,2016,17282,North America,Nicaragua
Nicaragua,NIC,2017,19590,North America,Nicaragua
Nicaragua,NIC,2018,6940,North America,Nicaragua
Nicaragua,NIC,2019,576,North America,Nicaragua
Nicaragua,NIC,2020,231751,North America,Nicaragua
Niger,NER,2008,4300,Africa,Niger
Niger,NER,2009,5600,Africa,Niger
Niger,NER,2010,205600,Africa,Niger
Niger,NER,2011,28000,Africa,Niger
Niger,NER,2012,540000,Africa,Niger
Niger,NER,2013,201000,Africa,Niger
Niger,NER,2014,47000,Africa,Niger
Niger,NER,2015,38000,Africa,Niger
Niger,NER,2016,46000,Africa,Niger
Niger,NER,2017,188500,Africa,Niger
Niger,NER,2018,40000,Africa,Niger
Niger,NER,2019,121000,Africa,Niger
Niger,NER,2020,276100,Africa,Niger
Niger,NER,2021,118000,Africa,Niger
Nigeria,NGA,2009,140000,Africa,Nigeria
Nigeria,NGA,2010,560000,Africa,Nigeria
Nigeria,NGA,2011,6300,Africa,Nigeria
Nigeria,NGA,2012,3894000,Africa,Nigeria
Nigeria,NGA,2013,117000,Africa,Nigeria
Nigeria,NGA,2014,3010,Africa,Nigeria
Nigeria,NGA,2015,100600,Africa,Nigeria
Nigeria,NGA,2016,78050,Africa,Nigeria
Nigeria,NGA,2017,122000,Africa,Nigeria
Nigeria,NGA,2018,613330,Africa,Nigeria
Nigeria,NGA,2019,157092,Africa,Nigeria
Nigeria,NGA,2020,279954,Africa,Nigeria
Nigeria,NGA,2021,24416,Africa,Nigeria
North Macedonia,MKD,2013,1600,Europe,North Macedonia
North Macedonia,MKD,2018,50,Europe,North Macedonia
North Macedonia,MKD,2021,80,Europe,North Macedonia
Norway,NOR,2014,680,Europe,Norway
Norway,NOR,2015,220,Europe,Norway
Norway,NOR,2016,260,Europe,Norway
Norway,NOR,2017,220,Europe,Norway
Norway,NOR,2019,620,Europe,Norway
Norway,NOR,2020,1018,Europe,Norway
Norway,NOR,2021,739,Europe,Norway
Oman,OMN,2013,350,Asia,Oman
Oman,OMN,2017,320,Asia,Oman
Oman,OMN,2018,10000,Asia,Oman
Oman,OMN,2019,1080,Asia,Oman
Oman,OMN,2020,118,Asia,Oman
Oman,OMN,2021,5210,Asia,Oman
Pakistan,PAK,2008,82200,Asia,Pakistan
Pakistan,PAK,2009,84000,Asia,Pakistan
Pakistan,PAK,2010,11060000,Asia,Pakistan
Pakistan,PAK,2011,300000,Asia,Pakistan
Pakistan,PAK,2012,1857000,Asia,Pakistan
Pakistan,PAK,2013,124000,Asia,Pakistan
Pakistan,PAK,2014,758717,Asia,Pakistan
Pakistan,PAK,2015,331760,Asia,Pakistan
Pakistan,PAK,2016,12700,Asia,Pakistan
Pakistan,PAK,2017,1750,Asia,Pakistan
Pakistan,PAK,2018,1066,Asia,Pakistan
Pakistan,PAK,2019,44769,Asia,Pakistan
Pakistan,PAK,2020,826360,Asia,Pakistan
Pakistan,PAK,2021,2034,Asia,Pakistan
Palestine,PSE,2010,500,Asia,Palestine
Palestine,PSE,2012,1200,Asia,Palestine
Palestine,PSE,2013,10650,Asia,Palestine
Palestine,PSE,2014,200,Asia,Palestine
Palestine,PSE,2015,10000,Asia,Palestine
Palestine,PSE,2016,510,Asia,Palestine
Palestine,PSE,2017,77,Asia,Palestine
Palestine,PSE,2019,2,Asia,Palestine
Palestine,PSE,2020,112,Asia,Palestine
Palestine,PSE,2021,30,Asia,Palestine
Panama,PAN,2012,3400,North America,Panama
Panama,PAN,2013,1715,North America,Panama
Panama,PAN,2014,323,North America,Panama
Panama,PAN,2015,100,North America,Panama
Panama,PAN,2016,1055,North America,Panama
Panama,PAN,2017,300,North America,Panama
Panama,PAN,2019,32,North America,Panama
Panama,PAN,2020,3706,North America,Panama
Panama,PAN,2021,2252,North America,Panama
Papua New Guinea,PNG,2008,75000,Oceania,Papua New Guinea
Papua New Guinea,PNG,2009,1000,Oceania,Papua New Guinea
Papua New Guinea,PNG,2012,75000,Oceania,Papua New Guinea
Papua New Guinea,PNG,2013,46,Oceania,Papua New Guinea
Papua New Guinea,PNG,2014,18900,Oceania,Papua New Guinea
Papua New Guinea,PNG,2016,1610,Oceania,Papua New Guinea
Papua New Guinea,PNG,2017,500,Oceania,Papua New Guinea
Papua New Guinea,PNG,2019,7724,Oceania,Papua New Guinea
Papua New Guinea,PNG,2020,3935,Oceania,Papua New Guinea
Papua New Guinea,PNG,2021,7455,Oceania,Papua New Guinea
Paraguay,PRY,2008,60,South America,Paraguay
Paraguay,PRY,2013,28000,South America,Paraguay
Paraguay,PRY,2014,84000,South America,Paraguay
Paraguay,PRY,2015,171400,South America,Paraguay
Paraguay,PRY,2016,3700,South America,Paraguay
Paraguay,PRY,2017,5260,South America,Paraguay
Paraguay,PRY,2018,30410,South America,Paraguay
Paraguay,PRY,2019,54320,South America,Paraguay
Paraguay,PRY,2020,5,South America,Paraguay
Peru,PER,2008,45000,South America,Peru
Peru,PER,2009,46150,South America,Peru
Peru,PER,2010,10000,South America,Peru
Peru,PER,2011,1000,South America,Peru
Peru,PER,2012,170181,South America,Peru
Peru,PER,2013,26980,South America,Peru
Peru,PER,2014,528,South America,Peru
Peru,PER,2015,8480,South America,Peru
Peru,PER,2016,14643,South America,Peru
Peru,PER,2017,294965,South America,Peru
Peru,PER,2018,4722,South America,Peru
Peru,PER,2019,4494,South America,Peru
Peru,PER,2020,7991,South America,Peru
Peru,PER,2021,3500,South America,Peru
Philippines,PHL,2008,2756440,Asia,Philippines
Philippines,PHL,2009,2012900,Asia,Philippines
Philippines,PHL,2010,1001790,Asia,Philippines
Philippines,PHL,2011,2497528,Asia,Philippines
Philippines,PHL,2012,3671000,Asia,Philippines
Philippines,PHL,2013,6671075,Asia,Philippines
Philippines,PHL,2014,5736230,Asia,Philippines
Philippines,PHL,2015,2220620,Asia,Philippines
Philippines,PHL,2016,5930891,Asia,Philippines
Philippines,PHL,2017,2425656,Asia,Philippines
Philippines,PHL,2018,3712393,Asia,Philippines
Philippines,PHL,2019,3679882,Asia,Philippines
Philippines,PHL,2020,3931184,Asia,Philippines
Philippines,PHL,2021,5658189,Asia,Philippines
Poland,POL,2010,30000,Europe,Poland
Poland,POL,2019,18,Europe,Poland
Poland,POL,2020,422,Europe,Poland
Poland,POL,2021,121,Europe,Poland
Portugal,PRT,2008,38,Europe,Portugal
Portugal,PRT,2015,10,Europe,Portugal
Portugal,PRT,2016,1052,Europe,Portugal
Portugal,PRT,2017,6790,Europe,Portugal
Portugal,PRT,2018,408,Europe,Portugal
Portugal,PRT,2019,648,Europe,Portugal
Portugal,PRT,2020,28,Europe,Portugal
Portugal,PRT,2021,20,Europe,Portugal
Puerto Rico,PRI,2017,86190,North America,Puerto Rico
Puerto Rico,PRI,2018,400,North America,Puerto Rico
Puerto Rico,PRI,2019,240,North America,Puerto Rico
Puerto Rico,PRI,2020,119,North America,Puerto Rico
Romania,ROU,2008,11000,Europe,Romania
Romania,ROU,2014,2240,Europe,Romania
Romania,ROU,2015,160,Europe,Romania
Romania,ROU,2016,1480,Europe,Romania
Romania,ROU,2018,1210,Europe,Romania
Romania,ROU,2019,460,Europe,Romania
Romania,ROU,2020,285,Europe,Romania
Romania,ROU,2021,400,Europe,Romania
Russia,RUS,2010,23500,Europe,Russia
Russia,RUS,2011,3500,Europe,Russia
Russia,RUS,2012,31830,Europe,Russia
Russia,RUS,2013,29410,Europe,Russia
Russia,RUS,2014,23310,Europe,Russia
Russia,RUS,2015,6600,Europe,Russia
Russia,RUS,2016,3631,Europe,Russia
Russia,RUS,2017,5880,Europe,Russia
Russia,RUS,2018,3569,Europe,Russia
Russia,RUS,2019,11721,Europe,Russia
Russia,RUS,2020,253,Europe,Russia
Russian Federation,RUS,2021,5550,Europe,Russia
Rwanda,RWA,2008,5000,Africa,Rwanda
Rwanda,RWA,2010,5900,Africa,Rwanda
Rwanda,RWA,2011,1900,Africa,Rwanda
Rwanda,RWA,2012,3200,Africa,Rwanda
Rwanda,RWA,2013,1030,Africa,Rwanda
Rwanda,RWA,2015,2010,Africa,Rwanda
Rwanda,RWA,2017,4988,Africa,Rwanda
Rwanda,RWA,2018,47000,Africa,Rwanda
Rwanda,RWA,2019,11506,Africa,Rwanda
Rwanda,RWA,2020,5960,Africa,Rwanda
Rwanda,RWA,2021,1628,Africa,Rwanda
Saudi Arabia,SAU,2009,10000,Asia,Saudi Arabia
Saudi Arabia,SAU,2011,8200,Asia,Saudi Arabia
Saudi Arabia,SAU,2013,4700,Asia,Saudi Arabia
Saudi Arabia,SAU,2016,280,Asia,Saudi Arabia
Saudi Arabia,SAU,2017,100,Asia,Saudi Arabia
Saudi Arabia,SAU,2018,2045,Asia,Saudi Arabia
Saudi Arabia,SAU,2019,263,Asia,Saudi Arabia
Saudi Arabia,SAU,2020,606,Asia,Saudi Arabia
Senegal,SEN,2009,264000,Africa,Senegal
Senegal,SEN,2010,7800,Africa,Senegal
Senegal,SEN,2011,1600,Africa,Senegal
Senegal,SEN,2012,20000,Africa,Senegal
Senegal,SEN,2013,13000,Africa,Senegal
Senegal,SEN,2016,24000,Africa,Senegal
Senegal,SEN,2017,630,Africa,Senegal
Senegal,SEN,2018,2,Africa,Senegal
Senegal,SEN,2019,4440,Africa,Senegal
Senegal,SEN,2020,3300,Africa,Senegal
Senegal,SEN,2021,1322,Africa,Senegal
Serbia,SRB,2010,3000,Europe,Serbia
Serbia,SRB,2013,194,Europe,Serbia
Serbia,SRB,2014,33360,Europe,Serbia
Serbia,SRB,2016,39,Europe,Serbia
Serbia,SRB,2017,42,Europe,Serbia
Serbia,SRB,2018,125,Europe,Serbia
Serbia,SRB,2019,302,Europe,Serbia
Serbia,SRB,2020,880,Europe,Serbia
Serbia,SRB,2021,34,Europe,Serbia
Sierra Leone,SLE,2013,8500,Africa,Sierra Leone
Sierra Leone,SLE,2017,12000,Africa,Sierra Leone
Sierra Leone,SLE,2019,5300,Africa,Sierra Leone
Slovakia,SVK,2018,270,Europe,Slovakia
Slovakia,SVK,2020,60,Europe,Slovakia
Slovenia,SVN,2018,336,Europe,Slovenia
Solomon Islands,SLB,2010,5000,Oceania,Solomon Is.
Solomon Islands,SLB,2012,1047,Oceania,Solomon Is.
Solomon Islands,SLB,2014,9000,Oceania,Solomon Is.
Solomon Islands,SLB,2015,1000,Oceania,Solomon Is.
Solomon Islands,SLB,2017,580,Oceania,Solomon Is.
Solomon Islands,SLB,2018,1055,Oceania,Solomon Is.
Solomon Islands,SLB,2019,31,Oceania,Solomon Is.
Solomon Islands,SLB,2020,321,Oceania,Solomon Is.
Somalia,SOM,2008,12000,Africa,Somalia
Somalia,SOM,2010,5200,Africa,Somalia
Somalia,SOM,2012,28000,Africa,Somalia
Somalia,SOM,2013,59500,Africa,Somalia
Somalia,SOM,2014,36140,Africa,Somalia
Somalia,SOM,2015,59420,Africa,Somalia
Somalia,SOM,2016,70000,Africa,Somalia
Somalia,SOM,2017,899440,Africa,Somalia
Somalia,SOM,2018,547140,Africa,Somalia
Somalia,SOM,2019,480282,Africa,Somalia
Somalia,SOM,2020,1037200,Africa,Somalia
Somalia,SOM,2021,271353,Africa,Somalia
South Africa,ZAF,2008,3500,Africa,South Africa
South Africa,ZAF,2009,20000,Africa,South Africa
South Africa,ZAF,2010,6000,Africa,South Africa
South Africa,ZAF,2011,52000,Africa,South Africa
South Africa,ZAF,2012,2000,Africa,South Africa
South Africa,ZAF,2013,17720,Africa,South Africa
South Africa,ZAF,2014,3500,Africa,South Africa
South Africa,ZAF,2015,14,Africa,South Africa
South Africa,ZAF,2016,12200,Africa,South Africa
South Africa,ZAF,2017,14668,Africa,South Africa
South Africa,ZAF,2018,2058,Africa,South Africa
South Africa,ZAF,2019,1744,Africa,South Africa
South Africa,ZAF,2020,374,Africa,South Africa
South Africa,ZAF,2021,10273,Africa,South Africa
South Sudan,SSD,2012,340000,Africa,S. Sudan
South Sudan,SSD,2013,116000,Africa,S. Sudan
South Sudan,SSD,2014,112500,Africa,S. Sudan
South Sudan,SSD,2015,15000,Africa,S. Sudan
South Sudan,SSD,2017,74980,Africa,S. Sudan
South Sudan,SSD,2018,6602,Africa,S. Sudan
South Sudan,SSD,2019,294990,Africa,S. Sudan
South Sudan,SSD,2020,442600,Africa,S. Sudan
South Sudan,SSD,2021,505200,Africa,S. Sudan
Spain,ESP,2012,22000,Europe,Spain
Spain,ESP,2013,2590,Europe,Spain
Spain,ESP,2014,3799,Europe,Spain
Spain,ESP,2015,4160,Europe,Spain
Spain,ESP,2016,5400,Europe,Spain
Spain,ESP,2017,2103,Europe,Spain
Spain,ESP,2018,638,Europe,Spain
Spain,ESP,2019,23633,Europe,Spain
Spain,ESP,2020,7766,Europe,Spain
Spain,ESP,2021,6752,Europe,Spain
Sri Lanka,LKA,2008,525000,Asia,Sri Lanka
Sri Lanka,LKA,2009,363000,Asia,Sri Lanka
Sri Lanka,LKA,2010,141380,Asia,Sri Lanka
Sri Lanka,LKA,2011,684810,Asia,Sri Lanka
Sri Lanka,LKA,2012,129300,Asia,Sri Lanka
Sri Lanka,LKA,2013,323965,Asia,Sri Lanka
Sri Lanka,LKA,2014,151800,Asia,Sri Lanka
Sri Lanka,LKA,2015,65570,Asia,Sri Lanka
Sri Lanka,LKA,2016,500200,Asia,Sri Lanka
Sri Lanka,LKA,2017,134820,Asia,Sri Lanka
Sri Lanka,LKA,2018,99605,Asia,Sri Lanka
Sri Lanka,LKA,2019,86913,Asia,Sri Lanka
Sri Lanka,LKA,2020,19181,Asia,Sri Lanka
Sri Lanka,LKA,2021,121464,Asia,Sri Lanka
Sudan,SDN,2008,46500,Africa,Sudan
Sudan,SDN,2009,80000,Africa,Sudan
Sudan,SDN,2010,20000,Africa,Sudan
Sudan,SDN,2011,19000,Africa,Sudan
Sudan,SDN,2012,84000,Africa,Sudan
Sudan,SDN,2013,284000,Africa,Sudan
Sudan,SDN,2014,187000,Africa,Sudan
Sudan,SDN,2015,8300,Africa,Sudan
Sudan,SDN,2016,123000,Africa,Sudan
Sudan,SDN,2017,53800,Africa,Sudan
Sudan,SDN,2018,121002,Africa,Sudan
Sudan,SDN,2019,312000,Africa,Sudan
Sudan,SDN,2020,454000,Africa,Sudan
Sudan,SDN,2021,98230,Africa,Sudan
Suriname,SUR,2013,300,South America,Suriname
Suriname,SUR,2017,6000,South America,Suriname
Suriname,SUR,2021,6500,South America,Suriname
Sweden,SWE,2014,1000,Europe,Sweden
Sweden,SWE,2015,100,Europe,Sweden
Sweden,SWE,2018,126,Europe,Sweden
Sweden,SWE,2019,47,Europe,Sweden
Switzerland,CHE,2013,13,Europe,Switzerland
Switzerland,CHE,2015,360,Europe,Switzerland
Switzerland,CHE,2017,160,Europe,Switzerland
Switzerland,CHE,2018,18,Europe,Switzerland
Switzerland,CHE,2019,10,Europe,Switzerland
Switzerland,CHE,2020,13,Europe,Switzerland
Switzerland,CHE,2021,145,Europe,Switzerland
Syria,SYR,2014,2300,Asia,Syria
Syria,SYR,2017,2300,Asia,Syria
Syria,SYR,2018,26611,Asia,Syria
Syria,SYR,2019,16900,Asia,Syria
Syria,SYR,2020,25000,Asia,Syria
Syria,SYR,2021,78600,Asia,Syria
"Taiwan, China",TWN,2009,25000,Asia,Taiwan
"Taiwan, China",TWN,2012,6000,Asia,Taiwan
"Taiwan, China",TWN,2013,22020,Asia,Taiwan
"Taiwan, China",TWN,2014,9400,Asia,Taiwan
"Taiwan, China",TWN,2015,27170,Asia,Taiwan
"Taiwan, China",TWN,2016,43600,Asia,Taiwan
"Taiwan, China",TWN,2017,20601,Asia,Taiwan
"Taiwan, China",TWN,2018,17900,Asia,Taiwan
"Taiwan, China",TWN,2019,13211,Asia,Taiwan
"Taiwan, China",TWN,2020,3555,Asia,Taiwan
"Taiwan, China",TWN,2021,10670,Asia,Taiwan
Tajikistan,TJK,2010,875,Asia,Tajikistan
Tajikistan,TJK,2012,390,Asia,Tajikistan
Tajikistan,TJK,2014,467,Asia,Tajikistan
Tajikistan,TJK,2015,10000,Asia,Tajikistan
Tajikistan,TJK,2016,2400,Asia,Tajikistan
Tajikistan,TJK,2017,4670,Asia,Tajikistan
Tajikistan,TJK,2018,5400,Asia,Tajikistan
Tajikistan,TJK,2019,4800,Asia,Tajikistan
Tajikistan,TJK,2020,1500,Asia,Tajikistan
Tajikistan,TJK,2021,780,Asia,Tajikistan
Tanzania,TZA,2008,2440,Africa,Tanzania
Tanzania,TZA,2009,11000,Africa,Tanzania
Tanzania,TZA,2011,22000,Africa,Tanzania
Tanzania,TZA,2012,10000,Africa,Tanzania
Tanzania,TZA,2014,13650,Africa,Tanzania
Tanzania,TZA,2015,3500,Africa,Tanzania
Tanzania,TZA,2016,25800,Africa,Tanzania
Tanzania,TZA,2017,1890,Africa,Tanzania
Tanzania,TZA,2018,29320,Africa,Tanzania
Tanzania,TZA,2019,10720,Africa,Tanzania
Tanzania,TZA,2020,57311,Africa,Tanzania
Tanzania,TZA,2021,47140,Africa,Tanzania
Thailand,THA,2008,202700,Asia,Thailand
Thailand,THA,2009,68000,Asia,Thailand
Thailand,THA,2010,1000000,Asia,Thailand
Thailand,THA,2011,1645000,Asia,Thailand
Thailand,THA,2012,3400,Asia,Thailand
Thailand,THA,2013,13228,Asia,Thailand
Thailand,THA,2014,27173,Asia,Thailand
Thailand,THA,2015,240,Asia,Thailand
Thailand,THA,2016,90375,Asia,Thailand
Thailand,THA,2017,50180,Asia,Thailand
Thailand,THA,2018,4658,Asia,Thailand
Thailand,THA,2019,61910,Asia,Thailand
Thailand,THA,2020,13537,Asia,Thailand
Thailand,THA,2021,9436,Asia,Thailand
Timor-Leste,TLS,2013,1294,Asia,Timor-Leste
Timor-Leste,TLS,2014,2333,Asia,Timor-Leste
Timor-Leste,TLS,2015,234,Asia,Timor-Leste
Timor-Leste,TLS,2016,112,Asia,Timor-Leste
Timor-Leste,TLS,2020,1177,Asia,Timor-Leste
Timor-Leste,TLS,2021,16000,Asia,Timor-Leste
Togo,TGO,2008,2000,Africa,Togo
Togo,TGO,2010,50000,Africa,Togo
Togo,TGO,2013,120,Africa,Togo
Togo,TGO,2015,5000,Africa,Togo
Togo,TGO,2017,50,Africa,Togo
Trinidad and Tobago,TTO,2013,29,North America,Trinidad and Tobago
Trinidad and Tobago,TTO,2017,200,North America,Trinidad and Tobago
Trinidad and Tobago,TTO,2018,800,North America,Trinidad and Tobago
Trinidad and Tobago,TTO,2019,48,North America,Trinidad and Tobago
Trinidad and Tobago,TTO,2020,33,North America,Trinidad and Tobago
Tunisia,TUN,2015,120,Africa,Tunisia
Tunisia,TUN,2017,990,Africa,Tunisia
Tunisia,TUN,2018,3368,Africa,Tunisia
Tunisia,TUN,2019,32,Africa,Tunisia
Tunisia,TUN,2020,10000,Africa,Tunisia
Tunisia,TUN,2021,3204,Africa,Tunisia
Türkiye,TUR,2008,300,Asia,Turkey
Türkiye,TUR,2009,20000,Asia,Turkey
Türkiye,TUR,2010,200,Asia,Turkey
Türkiye,TUR,2015,1500,Asia,Turkey
Türkiye,TUR,2016,200,Asia,Turkey
Türkiye,TUR,2018,628,Asia,Turkey
Türkiye,TUR,2019,528,Asia,Turkey
Türkiye,TUR,2020,1226,Asia,Turkey
Türkiye,TUR,2021,84346,Asia,Turkey
Uganda,UGA,2008,15000,Africa,Uganda
Uganda,UGA,2011,6400,Africa,Uganda
Uganda,UGA,2012,220,Africa,Uganda
Uganda,UGA,2013,30000,Africa,Uganda
Uganda,UGA,2014,50160,Africa,Uganda
Uganda,UGA,2015,600,Africa,Uganda
Uganda,UGA,2016,1300,Africa,Uganda
Uganda,UGA,2017,95070,Africa,Uganda
Uganda,UGA,2018,164561,Africa,Uganda
Uganda,UGA,2019,130360,Africa,Uganda
Uganda,UGA,2020,40374,Africa,Uganda
Uganda,UGA,2021,46792,Africa,Uganda
Ukraine,UKR,2008,25000,Europe,Ukraine
Ukraine,UKR,2013,600,Europe,Ukraine
Ukraine,UKR,2016,130,Europe,Ukraine
Ukraine,UKR,2020,2030,Europe,Ukraine
Ukraine,UKR,2021,2010,Europe,Ukraine
United Arab Emirates,ARE,2017,850,Asia,United Arab Emirates
United Arab Emirates,ARE,2019,220,Asia,United Arab Emirates
United Arab Emirates,ARE,2020,610,Asia,United Arab Emirates
United Kingdom,GBR,2012,300,Europe,United Kingdom
United Kingdom,GBR,2013,20252,Europe,United Kingdom
United Kingdom,GBR,2014,620,Europe,United Kingdom
United Kingdom,GBR,2015,6100,Europe,United Kingdom
United Kingdom,GBR,2016,1169,Europe,United Kingdom
United Kingdom,GBR,2017,6189,Europe,United Kingdom
United Kingdom,GBR,2018,168,Europe,United Kingdom
United Kingdom,GBR,2019,11836,Europe,United Kingdom
United Kingdom,GBR,2020,4775,Europe,United Kingdom
United Kingdom,GBR,2021,512,Europe,United Kingdom
United States,USA,2008,2019770,North America,United States of America
United States,USA,2009,1320,North America,United States of America
United States,USA,2011,52070,North America,United States of America
United States,USA,2012,901634,North America,United States of America
United States,USA,2013,187022,North America,United States of America
United States,USA,2014,34257,North America,United States of America
United States,USA,2015,63403,North America,United States of America
United States,USA,2016,1107431,North America,United States of America
United States,USA,2017,1685866,North America,United States of America
United States,USA,2018,1244651,North America,United States of America
United States,USA,2019,916422,North America,United States of America
United States,USA,2020,1713664,North America,United States of America
United States,USA,2021,572149,North America,United States of America
Uruguay,URY,2013,1000,South America,Uruguay
Uruguay,URY,2014,4940,South America,Uruguay
Uruguay,URY,2015,24000,South America,Uruguay
Uruguay,URY,2016,12250,South America,Uruguay
Uruguay,URY,2017,9170,South America,Uruguay
Uruguay,URY,2018,301,South America,Uruguay
Uruguay,URY,2019,21550,South America,Uruguay
Uruguay,URY,2020,364,South America,Uruguay
Uruguay,URY,2021,152,South America,Uruguay
Uzbekistan,UZB,2020,70000,Asia,Uzbekistan
Vanuatu,VUT,2011,400,Oceania,Vanuatu
Vanuatu,VUT,2012,700,Oceania,Vanuatu
Vanuatu,VUT,2013,69,Oceania,Vanuatu
Vanuatu,VUT,2014,350,Oceania,Vanuatu
Vanuatu,VUT,2015,65000,Oceania,Vanuatu
Vanuatu,VUT,2017,3390,Oceania,Vanuatu
Vanuatu,VUT,2018,670,Oceania,Vanuatu
Vanuatu,VUT,2019,1000,Oceania,Vanuatu
Vanuatu,VUT,2020,80000,Oceania,Vanuatu
Venezuela,VEN,2008,4700,South America,Venezuela
Venezuela,VEN,2010,102000,South America,Venezuela
Venezuela,VEN,2012,1000,South America,Venezuela
Venezuela,VEN,2015,45180,South America,Venezuela
Venezuela,VEN,2016,226,South America,Venezuela
Venezuela,VEN,2017,2100,South America,Venezuela
Venezuela,VEN,2018,31708,South America,Venezuela
Venezuela,VEN,2019,320,South America,Venezuela
Venezuela,VEN,2020,2338,South America,Venezuela
Venezuela,VEN,2021,32200,South America,Venezuela
Viet Nam,VNM,2008,105600,Asia,Vietnam
Viet Nam,VNM,2009,187700,Asia,Vietnam
Viet Nam,VNM,2010,442500,Asia,Vietnam
Viet Nam,VNM,2011,230000,Asia,Vietnam
Viet Nam,VNM,2012,15000,Asia,Vietnam
Viet Nam,VNM,2013,1040500,Asia,Vietnam
Viet Nam,VNM,2014,68000,Asia,Vietnam
Viet Nam,VNM,2015,9515,Asia,Vietnam
Viet Nam,VNM,2016,79667,Asia,Vietnam
Viet Nam,VNM,2017,634655,Asia,Vietnam
Viet Nam,VNM,2018,143273,Asia,Vietnam
Viet Nam,VNM,2019,89266,Asia,Vietnam
Viet Nam,VNM,2020,1267649,Asia,Vietnam
Viet Nam,VNM,2021,779705,Asia,Vietnam
Yemen,YEM,2008,22000,Asia,Yemen
Yemen,YEM,2010,1000,Asia,Yemen
Yemen,YEM,2013,10040,Asia,Yemen
Yemen,YEM,2015,83000,Asia,Yemen
Yemen,YEM,2016,45340,Asia,Yemen
Yemen,YEM,2017,13,Asia,Yemen
Yemen,YEM,2018,18100,Asia,Yemen
Yemen,YEM,2019,31772,Asia,Yemen
Yemen,YEM,2020,223140,Asia,Yemen
Yemen,YEM,2021,84030,Asia,Yemen
Zambia,ZMB,2008,5800,Africa,Zambia
Zambia,ZMB,2009,54000,Africa,Zambia
Zambia,ZMB,2010,150,Africa,Zambia
Zambia,ZMB,2013,5500,Africa,Zambia
Zambia,ZMB,2014,25930,Africa,Zambia
Zambia,ZMB,2015,25,Africa,Zambia
Zambia,ZMB,2017,2824,Africa,Zambia
Zambia,ZMB,2018,21,Africa,Zambia
Zambia,ZMB,2019,1353,Africa,Zambia
Zambia,ZMB,2020,5970,Africa,Zambia
Zambia,ZMB,2021,1353,Africa,Zambia
Zimbabwe,ZWE,2013,44000,Africa,Zimbabwe
Zimbabwe,ZWE,2014,22514,Africa,Zimbabwe
Zimbabwe,ZWE,2015,800,Africa,Zimbabwe
Zimbabwe,ZWE,2016,400,Africa,Zimbabwe
Zimbabwe,ZWE,2017,10308,Africa,Zimbabwe
Zimbabwe,ZWE,2018,1066,Africa,Zimbabwe
Zimbabwe,ZWE,2019,52400,Africa,Zimbabwe
Zimbabwe,ZWE,2020,385,Africa,Zimbabwe
Zimbabwe,ZWE,2021,2338,Africa,Zimbabwe
